ADC3,ADC4,ADC5,ADC6,ADC7,Altitude,ColorName,ColorRaw,ColorRgb,Pressure,Temperature,Potentiometer1,Potentiometer2,Light,Dt,MsgType,DeviceName,EventProcessedUtcTime,PartitionId,EventEnqueuedUtcTime,IoTHub
0,0.0019550342130987292,0.0029325513196480938,0.0029325513196480938,0.0029325513196480938,59.17901,DarkSlateBlue,Record,Record,100616.2,22.3558,0.50830889540566959,0.52101661779081132,0.15835777126099707,2016-02-27T18:59:37.5426565Z,ALL,D01,2016-02-27T19:00:02.9784677Z,0,2016-02-27T19:00:03.3350000Z,Record
0.0048875855327468231,0.0039100684261974585,0.0029325513196480938,0.0029325513196480938,0.0029325513196480938,59.1314468,DarkSlateBlue,Record,Record,100616.781,22.3508129,0.509286412512219,0.52101661779081132,0.15835777126099707,2016-02-27T18:59:42.6131412Z,ALL,D01,2016-02-27T19:00:07.9785610Z,0,2016-02-27T19:00:08.3820000Z,Record
0,0.0019550342130987292,0.0019550342130987292,0.0029325513196480938,0.0029325513196480938,58.88836,DarkSlateBlue,Record,Record,100619.695,22.3458252,0.50830889540566959,0.52101661779081132,0.15933528836754643,2016-02-27T18:59:47.6201258Z,ALL,D01,2016-02-27T19:00:12.9726225Z,0,2016-02-27T19:00:13.4450000Z,Record
0.010752688172043012,0.0039100684261974585,0.00097751710654936461,0.00097751710654936461,0,59.36925,DarkSlateBlue,Record,Record,100613.938,22.3508129,0.50830889540566959,0.52101661779081132,0.15835777126099707,2016-02-27T18:59:52.6605196Z,ALL,D01,2016-02-27T19:00:18.0190333Z,0,2016-02-27T19:00:18.4140000Z,Record
0.0019550342130987292,0.0029325513196480938,0.0029325513196480938,0.0029325513196480938,0.0029325513196480938,58.9306335,DarkSlateBlue,Record,Record,100619.195,22.3508129,0.50830889540566959,0.52101661779081132,0.15835777126099707,2016-02-27T18:59:57.7048966Z,ALL,D01,2016-02-27T19:00:22.9965872Z,0,2016-02-27T19:00:23.4450000Z,Record
0.0078201368523949169,0.0039100684261974585,0.0019550342130987292,0.0019550342130987292,0.0019550342130987292,59.05482,DarkSlateBlue,Record,Record,100617.7,22.3458252,0.50830889540566959,0.52101661779081132,0.15835777126099707,2016-02-27T19:00:02.7527186Z,ALL,D01,2016-02-27T19:00:28.0957941Z,0,2016-02-27T19:00:28.5080000Z,Record
0,0.0019550342130987292,0.0019550342130987292,0.0019550342130987292,0.0029325513196480938,59.3137665,DarkSlateBlue,Record,Record,100614.6,22.3458252,0.50830889540566959,0.52101661779081132,0.15933528836754643,2016-02-27T19:00:07.8209916Z,ALL,D01,2016-02-27T19:00:33.1151984Z,0,2016-02-27T19:00:33.5710000Z,Record
0.011730205278592375,0.0048875855327468231,0.0029325513196480938,0.0029325513196480938,0.0029325513196480938,59.0918121,DarkSlateBlue,Record,Record,100617.258,22.3508129,0.50830889540566959,0.52101661779081132,0.15933528836754643,2016-02-27T19:00:12.8723449Z,ALL,D01,2016-02-27T19:00:38.2334260Z,0,2016-02-27T19:00:38.6330000Z,Record
0.00097751710654936461,0.0019550342130987292,0.0029325513196480938,0.0029325513196480938,0.0029325513196480938,59.30584,DarkSlateBlue,Record,Record,100614.711,22.3508129,0.50830889540566959,0.52101661779081132,0.15835777126099707,2016-02-27T19:00:17.9073928Z,ALL,D01,2016-02-27T19:00:43.2028794Z,0,2016-02-27T19:00:43.6650000Z,Record
0.0068426197458455523,0.0039100684261974585,0.0029325513196480938,0.0029325513196480938,0.0029325513196480938,59.38775,DarkSlateBlue,Record,Record,100613.719,22.3508129,0.50830889540566959,0.52101661779081132,0.15835777126099707,2016-02-27T19:00:22.9347656Z,ALL,D01,2016-02-27T19:00:48.2694127Z,0,2016-02-27T19:00:48.6800000Z,Record
0.0078201368523949169,0.0048875855327468231,0.0029325513196480938,0.0029325513196480938,0.0029325513196480938,59.0971,DarkSlateBlue,Record,Record,100617.2,22.3408375,0.50830889540566959,0.52101661779081132,0.15835777126099707,2016-02-27T19:00:27.9584419Z,ALL,D01,2016-02-27T19:00:53.2368437Z,0,2016-02-27T19:00:53.7120000Z,Record
0.010752688172043012,0.0048875855327468231,0.0039100684261974585,0.0029325513196480938,0.0029325513196480938,59.1552277,DarkSlateBlue,Record,Record,100616.516,22.3408375,0.509286412512219,0.52101661779081132,0.15835777126099707,2016-02-27T19:00:32.9816426Z,ALL,D01,2016-02-27T19:00:58.3619426Z,0,2016-02-27T19:00:58.7280000Z,Record
0,0.0019550342130987292,0.0019550342130987292,0.0019550342130987292,0.0019550342130987292,59.1816521,DarkSlateBlue,Record,Record,100616.188,22.3458252,0.50830889540566959,0.52101661779081132,0.15933528836754643,2016-02-27T19:00:38.0374755Z,ALL,D01,2016-02-27T19:01:03.3486800Z,0,2016-02-27T19:01:03.7900000Z,Record
0.010752688172043012,0.0048875855327468231,0.0039100684261974585,0.0029325513196480938,0.0029325513196480938,59.3824654,DarkSlateBlue,Record,Record,100613.781,22.3508129,0.50830889540566959,0.52101661779081132,0.15835777126099707,2016-02-27T19:00:43.0873108Z,ALL,D01,2016-02-27T19:01:08.5987728Z,0,2016-02-27T19:01:08.8380000Z,Record
0.0068426197458455523,0.0039100684261974585,0.0029325513196480938,0.0029325513196480938,0.0029325513196480938,58.97027,DarkSlateBlue,Record,Record,100618.695,22.3508129,0.50830889540566959,0.52101661779081132,0.1573802541544477,2016-02-27T19:00:48.1112536Z,ALL,D01,2016-02-27T19:01:13.3976373Z,0,2016-02-27T19:01:13.8690000Z,Record
0.012707722385141741,0.0048875855327468231,0.0039100684261974585,0.0029325513196480938,0.0029325513196480938,59.37454,DarkSlateBlue,Record,Record,100613.883,22.3558,0.509286412512219,0.52101661779081132,0.15933528836754643,2016-02-27T19:00:53.1592635Z,ALL,D01,2016-02-27T19:01:18.5123839Z,0,2016-02-27T19:01:18.9160000Z,Record
0,0.0019550342130987292,0.0029325513196480938,0.0029325513196480938,0.0029325513196480938,59.27149,DarkSlateBlue,Record,Record,100615.117,22.3458252,0.50830889540566959,0.52101661779081132,0.15835777126099707,2016-02-27T19:00:58.2337640Z,ALL,D01,2016-02-27T19:01:23.8758270Z,0,2016-02-27T19:01:23.9940000Z,Record
0.012707722385141741,0.0048875855327468231,0.0029325513196480938,0.0029325513196480938,0.0019550342130987292,59.453804,DarkSlateBlue,Record,Record,100612.945,22.3408375,0.50830889540566959,0.52101661779081132,0.15835777126099707,2016-02-27T19:01:03.2687646Z,ALL,D01,2016-02-27T19:01:28.6415449Z,0,2016-02-27T19:01:29.0270000Z,Record
0.0078201368523949169,0.0039100684261974585,0.0029325513196480938,0.0029325513196480938,0.0029325513196480938,59.53043,DarkSlateBlue,Record,Record,100612.031,22.3458252,0.50830889540566959,0.52101661779081132,0.15835777126099707,2016-02-27T19:01:08.3273934Z,ALL,D01,2016-02-27T19:01:33.6085042Z,0,2016-02-27T19:01:34.0740000Z,Record
0.010752688172043012,0.0048875855327468231,0.0039100684261974585,0.0029325513196480938,0.0029325513196480938,59.3005524,DarkSlateBlue,Record,Record,100614.773,22.3508129,0.50830889540566959,0.52101661779081132,0.15933528836754643,2016-02-27T19:01:13.4002675Z,ALL,D01,2016-02-27T19:01:39.0470025Z,0,2016-02-27T19:01:39.1520000Z,Record
0.00097751710654936461,0.0019550342130987292,0.0019550342130987292,0.0019550342130987292,0.0019550342130987292,58.9438477,DarkSlateBlue,Record,Record,100619.031,22.3458252,0.50830889540566959,0.52101661779081132,0.15933528836754643,2016-02-27T19:01:18.4278911Z,ALL,D01,2016-02-27T19:01:44.0222187Z,0,2016-02-27T19:01:44.1840000Z,Record
0.012707722385141741,0.0058651026392961877,0.0029325513196480938,0.0029325513196480938,0.0029325513196480938,59.2450638,DarkSlateBlue,Record,Record,100615.438,22.3408375,0.50830889540566959,0.52101661779081132,0.15933528836754643,2016-02-27T19:01:23.4639517Z,ALL,D01,2016-02-27T19:01:48.8466497Z,0,2016-02-27T19:01:49.2310000Z,Record
0,0.0019550342130987292,0.0019550342130987292,0.0019550342130987292,0.0019550342130987292,59.5013657,DarkSlateBlue,Record,Record,100612.367,22.3508129,0.50830889540566959,0.52101661779081132,0.15933528836754643,2016-02-27T19:01:28.5161213Z,ALL,D01,2016-02-27T19:01:53.7967376Z,0,2016-02-27T19:01:54.2780000Z,Record
0.0029325513196480938,0.0019550342130987292,0.0019550342130987292,0.0019550342130987292,0.0019550342130987292,59.5568542,DarkSlateBlue,Record,Record,100611.719,22.3458252,0.50830889540566959,0.52101661779081132,0.15835777126099707,2016-02-27T19:01:33.5563413Z,ALL,D01,2016-02-27T19:01:58.9365595Z,0,2016-02-27T19:01:59.3090000Z,Record
0,0.0019550342130987292,0.0019550342130987292,0.0019550342130987292,0.0019550342130987292,59.35604,DarkSlateBlue,Record,Record,100614.109,22.3508129,0.509286412512219,0.52101661779081132,0.15933528836754643,2016-02-27T19:01:38.6063729Z,ALL,D01,2016-02-27T19:02:03.9161426Z,0,2016-02-27T19:02:04.3560000Z,Record
0.0019550342130987292,0.0019550342130987292,0.0029325513196480938,0.0029325513196480938,0.0029325513196480938,59.2212868,DarkSlateBlue,Record,Record,100615.7,22.3508129,0.509286412512219,0.52101661779081132,0.15835777126099707,2016-02-27T19:01:43.6545135Z,ALL,D01,2016-02-27T19:02:09.0018320Z,0,2016-02-27T19:02:09.4350000Z,Record
0.0029325513196480938,0.0029325513196480938,0.0029325513196480938,0.0029325513196480938,0.0029325513196480938,59.4432373,DarkSlateBlue,Record,Record,100613.047,22.3508129,0.50830889540566959,0.52101661779081132,0.1573802541544477,2016-02-27T19:01:48.7166386Z,ALL,D01,2016-02-27T19:02:14.0099926Z,0,2016-02-27T19:02:14.4820000Z,Record
0.0097751710654936461,0.0048875855327468231,0.0029325513196480938,0.0029325513196480938,0.0029325513196480938,59.2899857,DarkSlateBlue,Record,Record,100614.875,22.3408375,0.50830889540566959,0.52101661779081132,0.15933528836754643,2016-02-27T19:01:53.7500211Z,ALL,D01,2016-02-27T19:02:19.0494564Z,0,2016-02-27T19:02:19.4970000Z,Record
0.0097751710654936461,0.0039100684261974585,0.0029325513196480938,0.0019550342130987292,0.0019550342130987292,59.31905,DarkSlateBlue,Record,Record,100614.531,22.3408375,0.50830889540566959,0.52101661779081132,0.15835777126099707,2016-02-27T19:01:58.7805132Z,ALL,D01,2016-02-27T19:02:24.0551703Z,0,2016-02-27T19:02:24.5290000Z,Record
0.011730205278592375,0.0048875855327468231,0.0029325513196480938,0.0029325513196480938,0.0029325513196480938,59.30848,DarkSlateBlue,Record,Record,100614.688,22.3408375,0.50830889540566959,0.52101661779081132,0.15933528836754643,2016-02-27T19:02:03.8027633Z,ALL,D01,2016-02-27T19:02:29.1131090Z,0,2016-02-27T19:02:29.5600000Z,Record
0.0068426197458455523,0.0029325513196480938,0.0019550342130987292,0.0019550342130987292,0.0019550342130987292,59.543644,DarkSlateBlue,Record,Record,100611.875,22.3408375,0.509286412512219,0.52101661779081132,0.15835777126099707,2016-02-27T19:02:08.8320133Z,ALL,D01,2016-02-27T19:02:34.3076440Z,0,2016-02-27T19:02:34.5920000Z,Record
0.010752688172043012,0.0048875855327468231,0.0029325513196480938,0.0019550342130987292,0.0019550342130987292,59.168438,DarkSlateBlue,Record,Record,100616.352,22.3408375,0.50830889540566959,0.52101661779081132,0.1573802541544477,2016-02-27T19:02:13.8720167Z,ALL,D01,2016-02-27T19:02:39.2393109Z,0,2016-02-27T19:02:39.6230000Z,Record
0.0019550342130987292,0.0019550342130987292,0.0019550342130987292,0.0019550342130987292,0.0019550342130987292,59.4036026,DarkSlateBlue,Record,Record,100613.531,22.3458252,0.509286412512219,0.52101661779081132,0.15835777126099707,2016-02-27T19:02:18.9020181Z,ALL,D01,2016-02-27T19:02:44.1757425Z,0,2016-02-27T19:02:44.6550000Z,Record
0.099706744868035185,0.02932551319648094,0.0097751710654936461,0.0048875855327468231,0.0039100684261974585,59.3983154,DarkSlateBlue,Record,Record,100613.609,22.3707657,0.509286412512219,0.52101661779081132,0.15542521994134897,2016-02-27T19:02:23.9523938Z,ALL,D01,2016-02-27T19:02:49.2538463Z,0,2016-02-27T19:02:49.7020000Z,Record
0.010752688172043012,0.0048875855327468231,0.0029325513196480938,0.0029325513196480938,0.0029325513196480938,59.5383568,DarkSlateBlue,Record,Record,100611.922,22.3657761,0.50830889540566959,0.52101661779081132,0.1573802541544477,2016-02-27T19:02:28.9813893Z,ALL,D01,2016-02-27T19:02:54.2785688Z,0,2016-02-27T19:02:54.7490000Z,Record
0,0.0068426197458455523,0.0039100684261974585,0.0029325513196480938,0.0029325513196480938,60.00604,DarkSlateBlue,Record,Record,100606.344,22.3807411,0.50830889540566959,0.52101661779081132,0.15835777126099707,2016-02-27T19:02:34.0268935Z,ALL,D01,2016-02-27T19:02:59.3662784Z,0,2016-02-27T19:02:59.7650000Z,Record
0.0078201368523949169,0.0039100684261974585,0.0029325513196480938,0.0029325513196480938,0.0029325513196480938,59.68897,DarkSlateBlue,Record,Record,100610.117,22.3807411,0.509286412512219,0.52101661779081132,0.15835777126099707,2016-02-27T19:02:39.0475163Z,ALL,D01,2016-02-27T19:03:04.4849841Z,0,2016-02-27T19:03:04.7960000Z,Record
0.0029325513196480938,0.0019550342130987292,0.0019550342130987292,0.0019550342130987292,0.0019550342130987292,59.4960823,DarkSlateBlue,Record,Record,100612.438,22.3707657,0.50830889540566959,0.52101661779081132,0.1573802541544477,2016-02-27T19:02:44.0962048Z,ALL,D01,2016-02-27T19:03:09.4694623Z,0,2016-02-27T19:03:09.8590000Z,Record
0.0078201368523949169,0.0039100684261974585,0.0029325513196480938,0.0019550342130987292,0.0019550342130987292,59.6625443,DarkSlateBlue,Record,Record,100610.43,22.3757534,0.50830889540566959,0.52101661779081132,0.1573802541544477,2016-02-27T19:02:49.1566389Z,ALL,D01,2016-02-27T19:03:14.4399951Z,0,2016-02-27T19:03:14.9060000Z,Record
0.0048875855327468231,0.0039100684261974585,0.0029325513196480938,0.0029325513196480938,0.0029325513196480938,59.6149826,DarkSlateBlue,Record,Record,100611.008,22.3757534,0.50830889540566959,0.52101661779081132,0.15835777126099707,2016-02-27T19:02:54.1917649Z,ALL,D01,2016-02-27T19:03:19.5406568Z,0,2016-02-27T19:03:19.9370000Z,Record
0.0039100684261974585,0.0019550342130987292,0.0019550342130987292,0.0019550342130987292,0.0019550342130987292,59.0601044,DarkSlateBlue,Record,Record,100617.641,22.3707657,0.50830889540566959,0.52101661779081132,0.15835777126099707,2016-02-27T19:02:59.2221404Z,ALL,D01,2016-02-27T19:03:24.5105604Z,0,2016-02-27T19:03:24.9690000Z,Record
0,0.00097751710654936461,0.0019550342130987292,0.0019550342130987292,0.0019550342130987292,59.5938454,DarkSlateBlue,Record,Record,100611.266,22.3707657,0.50830889540566959,0.52101661779081132,0.15933528836754643,2016-02-27T19:03:04.2709945Z,ALL,D01,2016-02-27T19:03:29.6620452Z,0,2016-02-27T19:03:30.0160000Z,Record
0.0058651026392961877,0.0029325513196480938,0.0019550342130987292,0.0019550342130987292,0.0019550342130987292,59.4696579,DarkSlateBlue,Record,Record,100612.758,22.3707657,0.50830889540566959,0.52101661779081132,0.1573802541544477,2016-02-27T19:03:09.3084350Z,ALL,D01,2016-02-27T19:03:34.6859086Z,0,2016-02-27T19:03:35.0630000Z,Record
0,0.00097751710654936461,0.0019550342130987292,0.0019550342130987292,0.0019550342130987292,59.7048225,DarkSlateBlue,Record,Record,100609.938,22.3657761,0.50830889540566959,0.52101661779081132,0.15835777126099707,2016-02-27T19:03:14.3698967Z,ALL,D01,2016-02-27T19:03:39.7797630Z,0,2016-02-27T19:03:40.1260000Z,Record
0.0058651026392961877,0.0039100684261974585,0.0029325513196480938,0.0029325513196480938,0.0029325513196480938,59.6017723,DarkSlateBlue,Record,Record,100611.156,22.3657761,0.50830889540566959,0.52101661779081132,0.15835777126099707,2016-02-27T19:03:19.3863894Z,ALL,D01,2016-02-27T19:03:44.8057100Z,0,2016-02-27T19:03:45.1430000Z,Record
0.0078201368523949169,0.0039100684261974585,0.0029325513196480938,0.0029325513196480938,0.0029325513196480938,59.5594978,DarkSlateBlue,Record,Record,100611.656,22.3508129,0.50830889540566959,0.52101661779081132,0.15835777126099707,2016-02-27T19:03:24.4102630Z,ALL,D01,2016-02-27T19:03:49.8020728Z,0,2016-02-27T19:03:50.1740000Z,Record
0.0097751710654936461,0.0048875855327468231,0.0029325513196480938,0.0029325513196480938,0.0029325513196480938,59.9294128,DarkSlateBlue,Record,Record,100607.242,22.3707657,0.50830889540566959,0.52101661779081132,0.15933528836754643,2016-02-27T19:03:29.4556381Z,ALL,D01,2016-02-27T19:03:54.7363082Z,0,2016-02-27T19:03:55.2050000Z,Record
0.0087976539589442824,0.0039100684261974585,0.0029325513196480938,0.0029325513196480938,0.0029325513196480938,59.69161,DarkSlateBlue,Record,Record,100610.094,22.3558,0.50830889540566959,0.52101661779081132,0.15933528836754643,2016-02-27T19:03:34.4972639Z,ALL,D01,2016-02-27T19:03:59.8271279Z,0,2016-02-27T19:04:00.2680000Z,Record
0.0087976539589442824,0.0039100684261974585,0.0029325513196480938,0.0019550342130987292,0.0019550342130987292,59.3269768,DarkSlateBlue,Record,Record,100614.453,22.3558,0.509286412512219,0.52101661779081132,0.1573802541544477,2016-02-27T19:03:39.5256387Z,ALL,D01,2016-02-27T19:04:04.8052267Z,0,2016-02-27T19:04:05.2840000Z,Record
0,0.0019550342130987292,0.0019550342130987292,0.0019550342130987292,0.0019550342130987292,59.9531937,DarkSlateBlue,Record,Record,100606.984,22.3607883,0.509286412512219,0.52101661779081132,0.15933528836754643,2016-02-27T19:03:44.5748331Z,ALL,D01,2016-02-27T19:04:09.9467884Z,0,2016-02-27T19:04:10.3310000Z,Record
0.0097751710654936461,0.0039100684261974585,0.0019550342130987292,0.0019550342130987292,0.0019550342130987292,59.3164063,DarkSlateBlue,Record,Record,100614.563,22.3607883,0.50830889540566959,0.52199413489736068,0.15933528836754643,2016-02-27T19:03:49.6183932Z,ALL,D01,2016-02-27T19:04:14.8899717Z,0,2016-02-27T19:04:15.3620000Z,Record
0.00097751710654936461,0.0019550342130987292,0.0019550342130987292,0.0019550342130987292,0.0019550342130987292,59.9162025,DarkSlateBlue,Record,Record,100610.078,22.3558,0.50830889540566959,0.52101661779081132,0.15933528836754643,2016-02-27T19:03:54.6443987Z,ALL,D01,2016-02-27T19:04:20.0150914Z,0,2016-02-27T19:04:20.3940000Z,Record
0.0097751710654936461,0.0048875855327468231,0.0029325513196480938,0.0029325513196480938,0.0019550342130987292,59.8131561,DarkSlateBlue,Record,Record,100608.641,22.3558,0.50830889540566959,0.52101661779081132,0.15835777126099707,2016-02-27T19:03:59.6571427Z,ALL,D01,2016-02-27T19:04:24.9433514Z,0,2016-02-27T19:04:25.4100000Z,Record
0.0097751710654936461,0.0048875855327468231,0.0029325513196480938,0.0029325513196480938,0.0019550342130987292,59.5753479,DarkSlateBlue,Record,Record,100611.469,22.3508129,0.50830889540566959,0.52101661779081132,0.15835777126099707,2016-02-27T19:04:04.7186382Z,ALL,D01,2016-02-27T19:04:30.0812790Z,0,2016-02-27T19:04:30.4730000Z,Record
0.0039100684261974585,0.0029325513196480938,0.0029325513196480938,0.0029325513196480938,0.0029325513196480938,59.8342934,DarkSlateBlue,Record,Record,100608.406,22.3508129,0.50830889540566959,0.52101661779081132,0.15835777126099707,2016-02-27T19:04:09.7570984Z,ALL,D01,2016-02-27T19:04:35.0424187Z,0,2016-02-27T19:04:35.5050000Z,Record
0.0097751710654936461,0.0039100684261974585,0.0029325513196480938,0.0029325513196480938,0.0019550342130987292,59.9162025,DarkSlateBlue,Record,Record,100607.406,22.3458252,0.50830889540566959,0.52101661779081132,0.15835777126099707,2016-02-27T19:04:14.7863882Z,ALL,D01,2016-02-27T19:04:40.1424984Z,0,2016-02-27T19:04:40.5360000Z,Record
0.0087976539589442824,0.0039100684261974585,0.0029325513196480938,0.0029325513196480938,0.0029325513196480938,59.8157959,DarkSlateBlue,Record,Record,100608.625,22.3558,0.50830889540566959,0.52101661779081132,0.15933528836754643,2016-02-27T19:04:19.8248879Z,ALL,D01,2016-02-27T19:04:45.1283139Z,0,2016-02-27T19:04:45.5990000Z,Record
0,0.0019550342130987292,0.0019550342130987292,0.0019550342130987292,0.0019550342130987292,59.7576675,DarkSlateBlue,Record,Record,100609.313,22.3508129,0.50830889540566959,0.52101661779081132,0.15933528836754643,2016-02-27T19:04:24.8587638Z,ALL,D01,2016-02-27T19:04:50.1767609Z,0,2016-02-27T19:04:50.6150000Z,Record
0.0029325513196480938,0.0019550342130987292,0.0019550342130987292,0.0019550342130987292,0.0019550342130987292,59.7365265,DarkSlateBlue,Record,Record,100609.563,22.3408375,0.509286412512219,0.52101661779081132,0.15835777126099707,2016-02-27T19:04:29.8960132Z,ALL,D01,2016-02-27T19:04:55.1849758Z,0,2016-02-27T19:04:55.6620000Z,Record
0.0068426197458455523,0.0039100684261974585,0.0029325513196480938,0.0029325513196480938,0.0029325513196480938,59.641407,DarkSlateBlue,Record,Record,100610.7,22.3508129,0.50830889540566959,0.52101661779081132,0.15835777126099707,2016-02-27T19:04:34.9270780Z,ALL,D01,2016-02-27T19:05:00.2843922Z,0,2016-02-27T19:05:00.6930000Z,Record
0.0048875855327468231,0.0039100684261974585,0.0029325513196480938,0.0029325513196480938,0.0029325513196480938,59.2344971,DarkSlateBlue,Record,Record,100615.547,22.3508129,0.50830889540566959,0.52101661779081132,0.15835777126099707,2016-02-27T19:04:39.9687638Z,ALL,D01,2016-02-27T19:05:05.2670589Z,0,2016-02-27T19:05:05.7400000Z,Record
0.0087976539589442824,0.0048875855327468231,0.0029325513196480938,0.0029325513196480938,0.0029325513196480938,59.68104,DarkSlateBlue,Record,Record,100610.227,22.3508129,0.50830889540566959,0.52101661779081132,0.15933528836754643,2016-02-27T19:04:45.0133882Z,ALL,D01,2016-02-27T19:05:10.3245299Z,0,2016-02-27T19:05:10.7580000Z,Record
0.0019550342130987292,0,0.0019550342130987292,0.0019550342130987292,0.0019550342130987292,59.6255531,DarkSlateBlue,Record,Record,100610.891,22.3508129,0.50830889540566959,0.52101661779081132,0.15835777126099707,2016-02-27T19:04:50.0882742Z,ALL,D01,2016-02-27T19:05:15.3782328Z,0,2016-02-27T19:05:15.8370000Z,Record
0.0019550342130987292,0.0029325513196480938,0.0039100684261974585,0.0039100684261974585,0.0039100684261974585,59.8210831,DarkSlateBlue,Record,Record,100608.555,22.2710075,0.50830889540566959,0.52101661779081132,0.1573802541544477,2016-02-27T19:14:43.0410303Z,ALL,D01,2016-02-27T19:15:08.5653532Z,0,2016-02-27T19:15:08.9520000Z,Record
0,0.0019550342130987292,0.0019550342130987292,0.0019550342130987292,0.0019550342130987292,59.59913,DarkSlateBlue,Record,Record,100611.211,22.2710075,0.50830889540566959,0.52101661779081132,0.15835777126099707,2016-02-27T19:14:47.8297219Z,ALL,D01,2016-02-27T19:15:13.1413024Z,0,2016-02-27T19:15:13.5770000Z,Record
0.011730205278592375,0.0048875855327468231,0.0039100684261974585,0.0029325513196480938,0.0029325513196480938,59.7655945,DarkSlateBlue,Record,Record,100609.219,22.2759953,0.50830889540566959,0.52101661779081132,0.15835777126099707,2016-02-27T19:14:52.8580169Z,ALL,D01,2016-02-27T19:15:18.1276188Z,0,2016-02-27T19:15:18.6080000Z,Record
0.011730205278592375,0.0058651026392961877,0.0039100684261974585,0.0039100684261974585,0.0048875855327468231,59.9796181,DarkSlateBlue,Record,Record,100606.672,22.280983,0.99902248289345064,0.52101661779081132,0.15835777126099707,2016-02-27T19:14:57.9122635Z,ALL,D01,2016-02-27T19:15:23.3344030Z,0,2016-02-27T19:15:23.6710000Z,Record
0.0087976539589442824,0.0048875855327468231,0.0039100684261974585,0.0039100684261974585,0.0039100684261974585,59.694252,DarkSlateBlue,Record,Record,100610.063,22.2909584,0.85826001955034215,0.52101661779081132,0.15835777126099707,2016-02-27T19:15:02.9527691Z,ALL,D01,2016-02-27T19:15:28.2593688Z,0,2016-02-27T19:15:28.7020000Z,Record
0.023460410557184751,0.0078201368523949169,0.0039100684261974585,0.0029325513196480938,0.0029325513196480938,59.6784,DarkSlateBlue,Record,Record,100610.25,22.3059216,0.396871945259042,0.39002932551319647,0.55620723362658842,2016-02-27T19:15:07.9776382Z,ALL,D01,2016-02-27T19:15:33.2587328Z,0,2016-02-27T19:15:33.7340000Z,Record
0,0.00097751710654936461,0.0019550342130987292,0.0019550342130987292,0.0019550342130987292,59.9320564,DarkSlateBlue,Record,Record,100607.227,22.330862,0.396871945259042,0.62561094819159335,0.61974584555229717,2016-02-27T19:15:13.0233951Z,ALL,D01,2016-02-27T19:15:38.3369607Z,0,2016-02-27T19:15:38.7650000Z,Record
0.013685239491691105,0.0058651026392961877,0.0039100684261974585,0.0039100684261974585,0.0029325513196480938,59.53043,DarkSlateBlue,Record,Record,100612.016,22.3458252,0.39784946236559138,0.42130987292277616,0.58455522971652008,2016-02-27T19:15:18.0547764Z,ALL,D01,2016-02-27T19:15:43.3273095Z,0,2016-02-27T19:15:43.8120000Z,Record
0.010752688172043012,0.0039100684261974585,0.0019550342130987292,0.00097751710654936461,0.00097751710654936461,59.5912,DarkSlateBlue,Record,Record,100611.281,22.3508129,0.54545454545454541,0.55425219941348969,0.552297165200391,2016-02-27T19:15:23.0858887Z,ALL,D01,2016-02-27T19:15:48.3591824Z,0,2016-02-27T19:15:48.8440000Z,Record
0,0.0019550342130987292,0.0029325513196480938,0.0039100684261974585,0.0039100684261974585,59.8475037,DarkSlateBlue,Record,Record,100608.234,22.3607883,0.54252199413489732,0.53470185728250241,0.176930596285435,2016-02-27T19:15:28.1133884Z,ALL,D01,2016-02-27T19:15:53.4538023Z,0,2016-02-27T19:15:53.8600000Z,Record
0.2649071358748778,0.071358748778103623,0.021505376344086023,0.0078201368523949169,0.0039100684261974585,70.472084,DarkSlateBlue,Record,Record,100481.406,23.21372,0.53958944281524923,0.53470185728250241,0.23460410557184752,2016-02-27T19:15:33.1430132Z,ALL,D01,2016-02-27T19:15:58.4498701Z,0,2016-02-27T19:15:58.8960000Z,Record
0.051808406647116327,0.015640273704789834,0.0058651026392961877,0.0029325513196480938,0.0029325513196480938,64.63266,DarkSlateBlue,Record,Record,100551.094,23.6875725,0.53958944281524923,0.53470185728250241,0.5865102639296188,2016-02-27T19:15:38.1858927Z,ALL,D01,2016-02-27T19:16:03.4681440Z,0,2016-02-27T19:16:03.9430000Z,Record
0.0029325513196480938,0.0029325513196480938,0.0029325513196480938,0.0029325513196480938,0.0029325513196480938,61.7922173,DarkSlateBlue,Record,Record,100585,23.8621483,0.53958944281524923,0.53470185728250241,0.090909090909090912,2016-02-27T19:15:43.2215167Z,ALL,D01,2016-02-27T19:16:08.5230981Z,0,2016-02-27T19:16:08.9750000Z,Record
0.0019550342130987292,0.0029325513196480938,0.0029325513196480938,0.0029325513196480938,0.0029325513196480938,56.98592,DarkSlateBlue,Record,Record,100642.422,23.9918346,0.53958944281524923,0.53470185728250241,0.09579667644183773,2016-02-27T19:15:48.2592655Z,ALL,D01,2016-02-27T19:16:13.6937459Z,0,2016-02-27T19:16:14.1150000Z,Record
0.0019550342130987292,0.0029325513196480938,0.0029325513196480938,0.0029325513196480938,0.0029325513196480938,49.738163,DarkSlateBlue,Record,Record,100729.016,24.0566769,0.53958944281524923,0.53470185728250241,0.090909090909090912,2016-02-27T19:15:53.3199733Z,ALL,D01,2016-02-27T19:16:18.6057657Z,0,2016-02-27T19:16:19.0840000Z,Record
0.0019550342130987292,0.0019550342130987292,0.0019550342130987292,0.0019550342130987292,0.0019550342130987292,47.9678421,DarkSlateBlue,Record,Record,100750.18,24.0915928,0.53958944281524923,0.53470185728250241,0.0967741935483871,2016-02-27T19:15:58.3508946Z,ALL,D01,2016-02-27T19:16:23.6527288Z,0,2016-02-27T19:16:24.1310000Z,Record
0.00097751710654936461,0.0019550342130987292,0.0019550342130987292,0.0029325513196480938,0.0029325513196480938,46.5515823,DarkSlateBlue,Record,Record,100767.109,24.121521,0.53958944281524923,0.53470185728250241,0.1573802541544477,2016-02-27T19:16:03.4266435Z,ALL,D01,2016-02-27T19:16:28.7896034Z,0,2016-02-27T19:16:29.2250000Z,Record
0.013685239491691105,0.0058651026392961877,0.0029325513196480938,0.0019550342130987292,0.0019550342130987292,53.8178329,DarkSlateBlue,Record,Record,100680.266,23.76239,0.53958944281524923,0.53470185728250241,0.15835777126099707,2016-02-27T19:16:08.4471383Z,ALL,D01,2016-02-27T19:16:33.7896840Z,0,2016-02-27T19:16:34.2570000Z,Record
0.00097751710654936461,0.0019550342130987292,0.0029325513196480938,0.0029325513196480938,0.0029325513196480938,56.57901,Red,Record,Record,100647.266,23.59779,0.53958944281524923,0.53470185728250241,0.15835777126099707,2016-02-27T19:16:13.4780016Z,ALL,D01,2016-02-27T19:16:38.7944343Z,0,2016-02-27T19:16:39.2410000Z,Record
0.016617790811339198,0.0068426197458455523,0.0039100684261974585,0.0029325513196480938,0.0019550342130987292,57.376976,Purple,Record,Record,100637.758,23.47808,0.53958944281524923,0.53470185728250241,0.15835777126099707,2016-02-27T19:16:18.5063485Z,ALL,D01,2016-02-27T19:16:43.8678798Z,0,2016-02-27T19:16:44.2570000Z,Record
0.00097751710654936461,0.0019550342130987292,0.0019550342130987292,0.0019550342130987292,0.0019550342130987292,57.18145,Purple,Record,Record,100638.391,23.3733349,0.53958944281524923,0.53470185728250241,0.15835777126099707,2016-02-27T19:16:23.5840189Z,ALL,D01,2016-02-27T19:16:49.1112034Z,0,2016-02-27T19:16:49.3200000Z,Record
0.0039100684261974585,0.0019550342130987292,0.0019550342130987292,0.0019550342130987292,0.0019550342130987292,57.70462,DarkSlateBlue,Record,Record,100633.828,23.2735767,0.53958944281524923,0.53470185728250241,0.15933528836754643,2016-02-27T19:16:28.6133479Z,ALL,D01,2016-02-27T19:16:53.9281129Z,0,2016-02-27T19:16:54.3680000Z,Record
0.0039100684261974585,0.0029325513196480938,0.0029325513196480938,0.0029325513196480938,0.0029325513196480938,57.8314476,DarkSlateBlue,Record,Record,100632.313,23.1987572,0.53958944281524923,0.53470185728250241,0.15249266862170088,2016-02-27T19:16:33.6622957Z,ALL,D01,2016-02-27T19:16:58.9533762Z,0,2016-02-27T19:16:59.4150000Z,Record
0.0029325513196480938,0.0019550342130987292,0.0019550342130987292,0.0019550342130987292,0.0019550342130987292,58.32291,DarkSlateBlue,Record,Record,100626.453,23.1339149,0.53958944281524923,0.53470185728250241,0.15933528836754643,2016-02-27T19:16:38.7277695Z,ALL,D01,2016-02-27T19:17:04.0003326Z,0,2016-02-27T19:17:04.4770000Z,Record
0.0048875855327468231,0.0039100684261974585,0.0029325513196480938,0.0029325513196480938,0.0029325513196480938,58.04547,DarkSlateBlue,Record,Record,100629.742,23.0690727,0.53958944281524923,0.53470185728250241,0.15835777126099707,2016-02-27T19:16:43.7468259Z,ALL,D01,2016-02-27T19:17:09.0719916Z,0,2016-02-27T19:17:09.5400000Z,Record
0.018572825024437929,0.0068426197458455523,0.0039100684261974585,0.0029325513196480938,0.0029325513196480938,58.4655952,DarkSlateBlue,Record,Record,100624.727,23.014204,0.53958944281524923,0.53470185728250241,0.16031280547409579,2016-02-27T19:16:48.7932633Z,ALL,D01,2016-02-27T19:17:14.0926900Z,0,2016-02-27T19:17:14.5400000Z,Record
0.0019550342130987292,0.0029325513196480938,0.0029325513196480938,0.0029325513196480938,0.0029325513196480938,58.566,DarkSlateBlue,Record,Record,100623.547,22.95435,0.53958944281524923,0.53470185728250241,0.15835777126099707,2016-02-27T19:16:53.8093786Z,ALL,D01,2016-02-27T19:17:19.1084341Z,0,2016-02-27T19:17:19.5560000Z,Record
0.012707722385141741,0.0048875855327468231,0.0019550342130987292,0.0019550342130987292,0.0019550342130987292,58.86722,DarkSlateBlue,Record,Record,100619.953,22.9194336,0.53958944281524923,0.53470185728250241,0.15835777126099707,2016-02-27T19:16:58.8503918Z,ALL,D01,2016-02-27T19:17:24.2739545Z,0,2016-02-27T19:17:24.6660000Z,Record
0.020527859237536656,0.0068426197458455523,0.0039100684261974585,0.0019550342130987292,0.0019550342130987292,58.39161,DarkSlateBlue,Record,Record,100625.625,22.8895073,0.53958944281524923,0.53567937438905178,0.15542521994134897,2016-02-27T19:17:03.8864863Z,ALL,D01,2016-02-27T19:17:29.2605839Z,0,2016-02-27T19:17:29.6350000Z,Record
0.021505376344086023,0.0078201368523949169,0.0039100684261974585,0.0029325513196480938,0.0029325513196480938,58.7562447,DarkSlateBlue,Record,Record,100621.25,22.8446159,0.53958944281524923,0.53470185728250241,0.15640273704789834,2016-02-27T19:17:08.9392673Z,ALL,D01,2016-02-27T19:17:34.2620419Z,0,2016-02-27T19:17:34.6970000Z,Record
0,0.0019550342130987292,0.0029325513196480938,0.0029325513196480938,0.0029325513196480938,59.27413,DarkSlateBlue,Record,Record,100615.094,22.8246651,0.53958944281524923,0.53470185728250241,0.16324535679374388,2016-02-27T19:17:13.9683938Z,ALL,D01,2016-02-27T19:17:39.3228855Z,0,2016-02-27T19:17:39.7290000Z,Record
0.019550342130987292,0.0068426197458455523,0.0029325513196480938,0.0019550342130987292,0.0019550342130987292,58.9412041,DarkSlateBlue,Record,Record,100619.055,22.7947369,0.53958944281524923,0.53470185728250241,0.16226783968719452,2016-02-27T19:17:19.0267635Z,ALL,D01,2016-02-27T19:17:44.4764549Z,0,2016-02-27T19:17:44.7760000Z,Record
0.020527859237536656,0.0078201368523949169,0.0048875855327468231,0.0029325513196480938,0.0029325513196480938,58.8487244,DarkSlateBlue,Record,Record,100620.164,22.7697983,0.53958944281524923,0.53470185728250241,0.16324535679374388,2016-02-27T19:17:24.0813624Z,ALL,D01,2016-02-27T19:17:49.5599071Z,0,2016-02-27T19:17:49.8380000Z,Record
0.013685239491691105,0.0048875855327468231,0.0029325513196480938,0.0019550342130987292,0.0019550342130987292,58.67962,DarkSlateBlue,Record,Record,100622.188,22.75982,0.53958944281524923,0.53470185728250241,0.16129032258064516,2016-02-27T19:17:29.0918278Z,ALL,D01,2016-02-27T19:17:54.4376205Z,0,2016-02-27T19:17:54.8390000Z,Record
0.025415444770283482,0.0078201368523949169,0.0039100684261974585,0.0029325513196480938,0.0019550342130987292,58.87515,DarkSlateBlue,Record,Record,100619.844,22.7249069,0.53958944281524923,0.53470185728250241,0.16129032258064516,2016-02-27T19:17:34.1122457Z,ALL,D01,2016-02-27T19:17:59.3854746Z,0,2016-02-27T19:17:59.8700000Z,Record
0.011730205278592375,0.0039100684261974585,0.0019550342130987292,0.0019550342130987292,0.00097751710654936461,58.90157,DarkSlateBlue,Record,Record,100619.516,22.7099419,0.53958944281524923,0.53470185728250241,0.15640273704789834,2016-02-27T19:17:39.1291435Z,ALL,D01,2016-02-27T19:18:04.4205094Z,0,2016-02-27T19:18:04.8860000Z,Record
0.051808406647116327,0.016617790811339198,0.0068426197458455523,0.0039100684261974585,0.0029325513196480938,58.7324638,DarkSlateBlue,Record,Record,100621.555,22.689991,0.53958944281524923,0.53470185728250241,0.16129032258064516,2016-02-27T19:17:44.1567703Z,ALL,D01,2016-02-27T19:18:09.6206166Z,0,2016-02-27T19:18:10.0890000Z,Record
0.019550342130987292,0.0078201368523949169,0.0039100684261974585,0.0029325513196480938,0.0029325513196480938,58.7060432,DarkSlateBlue,Record,Record,100621.859,22.67004,0.53958944281524923,0.53470185728250241,0.16129032258064516,2016-02-27T19:17:49.2025821Z,ALL,D01,2016-02-27T19:18:14.6207149Z,0,2016-02-27T19:18:14.9640000Z,Record
0.00097751710654936461,0.0019550342130987292,0.0019550342130987292,0.0019550342130987292,0.0019550342130987292,59.0284,DarkSlateBlue,Record,Record,100618,22.6550751,0.53958944281524923,0.53470185728250241,0.16226783968719452,2016-02-27T19:17:54.2322638Z,ALL,D01,2016-02-27T19:18:19.5136312Z,0,2016-02-27T19:18:19.9810000Z,Record
0.011730205278592375,0.0048875855327468231,0.0029325513196480938,0.0029325513196480938,0.0029325513196480938,58.8725052,DarkSlateBlue,Record,Record,100619.867,22.6301365,0.53958944281524923,0.53470185728250241,0.16031280547409579,2016-02-27T19:17:59.2833552Z,ALL,D01,2016-02-27T19:18:24.6359660Z,0,2016-02-27T19:18:25.0280000Z,Record
0.011730205278592375,0.0048875855327468231,0.0029325513196480938,0.0019550342130987292,0.0019550342130987292,58.98084,DarkSlateBlue,Record,Record,100618.594,22.6151714,0.53958944281524923,0.53567937438905178,0.15933528836754643,2016-02-27T19:18:04.3329932Z,ALL,D01,2016-02-27T19:18:29.6621441Z,0,2016-02-27T19:18:30.0750000Z,Record
0.010752688172043012,0.0048875855327468231,0.0029325513196480938,0.0029325513196480938,0.0029325513196480938,59.07332,DarkSlateBlue,Record,Record,100617.469,22.6002083,0.53958944281524923,0.53470185728250241,0.16031280547409579,2016-02-27T19:18:09.3412686Z,ALL,D01,2016-02-27T19:18:34.6466109Z,0,2016-02-27T19:18:35.1060000Z,Record
0.015640273704789834,0.0058651026392961877,0.0039100684261974585,0.0029325513196480938,0.0029325513196480938,59.12352,DarkSlateBlue,Record,Record,100616.875,22.5852451,0.53958944281524923,0.53470185728250241,0.16031280547409579,2016-02-27T19:18:14.4025808Z,ALL,D01,2016-02-27T19:18:39.7291784Z,0,2016-02-27T19:18:40.1530000Z,Record
0.020527859237536656,0.0068426197458455523,0.0039100684261974585,0.0019550342130987292,0.0019550342130987292,59.06539,DarkSlateBlue,Record,Record,100617.586,22.5802574,0.53958944281524923,0.53470185728250241,0.16031280547409579,2016-02-27T19:18:19.4718914Z,ALL,D01,2016-02-27T19:18:44.7785894Z,0,2016-02-27T19:18:45.2160000Z,Record
0.00097751710654936461,0.0019550342130987292,0.0029325513196480938,0.0029325513196480938,0.0029325513196480938,58.96234,DarkSlateBlue,Record,Record,100618.813,22.570282,0.53958944281524923,0.53470185728250241,0.15933528836754643,2016-02-27T19:18:24.5214842Z,ALL,D01,2016-02-27T19:18:50.0911933Z,0,2016-02-27T19:18:50.2630000Z,Record
0.0058651026392961877,0.0039100684261974585,0.0029325513196480938,0.0029325513196480938,0.0029325513196480938,59.0891724,DarkSlateBlue,Record,Record,100617.3,22.55033,0.53958944281524923,0.53470185728250241,0.16129032258064516,2016-02-27T19:18:29.5403491Z,ALL,D01,2016-02-27T19:18:54.8901675Z,0,2016-02-27T19:18:55.3410000Z,Record
0.010752688172043012,0.0048875855327468231,0.0029325513196480938,0.0029325513196480938,0.0029325513196480938,58.99405,DarkSlateBlue,Record,Record,100618.422,22.5403538,0.53958944281524923,0.53470185728250241,0.16324535679374388,2016-02-27T19:18:34.5907682Z,ALL,D01,2016-02-27T19:19:00.0408641Z,0,2016-02-27T19:19:00.5140000Z,Record
